url,title
https://en.wikipedia.org/wiki/Pendency_of_court_cases_in_India,Pendency of court cases in India
https://en.wikipedia.org/wiki/Volleyball_in_Spain,Volleyball in Spain
https://en.wikipedia.org/wiki/Ruth_Meiers_Hospitality_House,Ruth Meiers Hospitality House
https://en.wikipedia.org/wiki/Shiney_Row,Shiney Row
"https://en.wikipedia.org/wiki/Rogachev,_Volgograd_Oblast","Rogachev, Volgograd Oblast"
https://en.wikipedia.org/wiki/Tyler_Medeiros,Tyler Medeiros
https://en.wikipedia.org/wiki/Love_(Boyz_II_Men_album),
https://en.wikipedia.org/wiki/Threadfin_rainbowfish,Threadfin rainbowfish
https://en.wikipedia.org/wiki/Frania_Gillen-Buchert,Frania Gillen-Buchert
https://en.wikipedia.org/wiki/William_Case_(cricketer),William Case (cricketer)
https://en.wikipedia.org/wiki/Legio_I_Maximiana,Legio I Maximiana
https://en.wikipedia.org/wiki/Jerusalem_District_No._5_Schoolhouse,Jerusalem District No. 5 Schoolhouse
https://en.wikipedia.org/wiki/Dali_railway_station_(Shaanxi),Dali railway station (Shaanxi)
https://en.wikipedia.org/wiki/Greg_Murtha,Greg Murtha
https://en.wikipedia.org/wiki/Elton_Dharry,Elton Dharry
https://en.wikipedia.org/wiki/Helmuth_Beukemann,Helmuth Beukemann
https://en.wikipedia.org/wiki/20th_Avenue_NE_Bridge,20th Avenue NE Bridge
https://en.wikipedia.org/wiki/V%C3%ADctor_Marrero_Padilla,Víctor Marrero Padilla
https://en.wikipedia.org/wiki/Howard_Behrens,Howard Behrens
https://en.wikipedia.org/wiki/Francisco_de_Sande,Francisco de Sande
https://en.wikipedia.org/wiki/Ramadan_Offensive_(2003),Ramadan Offensive (2003)
https://en.wikipedia.org/wiki/Jitul_Sonowal,Jitul Sonowal
https://en.wikipedia.org/wiki/Patrick_Poivey,Patrick Poivey
https://en.wikipedia.org/wiki/Rushon_District,Rushon District
https://en.wikipedia.org/wiki/2009_UNAF_U-17_Tournament_(Morocco),2009 UNAF U-17 Tournament (Morocco)
https://en.wikipedia.org/wiki/Dendralene,Dendralene
https://en.wikipedia.org/wiki/Chlorobotrys,
https://en.wikipedia.org/wiki/Lorenz_Kn%C3%B6ferl,Lorenz Knöferl
https://en.wikipedia.org/wiki/1966_Cincinnati_Reds_season,1966 Cincinnati Reds season
https://en.wikipedia.org/wiki/Kakamega_Forest,Kakamega Forest
https://en.wikipedia.org/wiki/Ambu_Island,Ambu Island
https://en.wikipedia.org/wiki/1972_Virginia_Tech_Gobblers_football_team,1972 Virginia Tech Gobblers football team
https://en.wikipedia.org/wiki/Franny_Billingsley,Franny Billingsley
https://en.wikipedia.org/wiki/Acute_panmyelosis_with_myelofibrosis,Acute panmyelosis with myelofibrosis
https://en.wikipedia.org/wiki/New_York_Steel,New York Steel
https://en.wikipedia.org/wiki/Benjamin_Beaton,Benjamin Beaton
https://en.wikipedia.org/wiki/Oroso,Oroso
https://en.wikipedia.org/wiki/Casey_Owens_(basketball),Casey Owens (basketball)
https://en.wikipedia.org/wiki/44th_Infantry_Division_(Wehrmacht),44th Infantry Division (Wehrmacht)
https://en.wikipedia.org/wiki/Sophie_Schulz,Sophie Schulz
https://en.wikipedia.org/wiki/Scrobipalpomima_neuquenensis,
https://en.wikipedia.org/wiki/Cylindrepomus_cicindeloides,
https://en.wikipedia.org/wiki/Bill_Kaiserman,Bill Kaiserman
https://en.wikipedia.org/wiki/Windsor_Hill_Quarry,Windsor Hill Quarry
https://en.wikipedia.org/wiki/Arthur_Buttery,Arthur Buttery
https://en.wikipedia.org/wiki/Jacksonia_calcicola,
https://en.wikipedia.org/wiki/Perch_Creek_(Elk_River_tributary),Perch Creek (Elk River tributary)
https://en.wikipedia.org/wiki/Sports_Champions,
https://en.wikipedia.org/wiki/Carbacanthographis_halei,
https://en.wikipedia.org/wiki/Bourne_Wood,Bourne Wood
https://en.wikipedia.org/wiki/Elipsocus_hyalinus,
https://en.wikipedia.org/wiki/Panagiotis_Karatzas,Panagiotis Karatzas
https://en.wikipedia.org/wiki/Free_buses_in_Greater_Manchester,Free buses in Greater Manchester
https://en.wikipedia.org/wiki/Elie_Aghnides,Elie Aghnides
https://en.wikipedia.org/wiki/Heart_de_Roommate,
"https://en.wikipedia.org/wiki/Cherwell,_Queensland","Cherwell, Queensland"
https://en.wikipedia.org/wiki/Demetrida_concinna,
"https://en.wikipedia.org/wiki/Ferreira_(footballer,_born_1933)","Ferreira (footballer, born 1933)"
https://en.wikipedia.org/wiki/2007_Junior_League_World_Series,2007 Junior League World Series
https://en.wikipedia.org/wiki/Larkana,Larkana
https://en.wikipedia.org/wiki/2008_Open_Gaz_de_France_%E2%80%93_Doubles,2008 Open Gaz de France – Doubles
https://en.wikipedia.org/wiki/Lo_mai_chi,
https://en.wikipedia.org/wiki/1916_Black_Friday_Storm,1916 Black Friday Storm
https://en.wikipedia.org/wiki/Associated_Press_NFL_Offensive_Player_of_the_Year_Award,Associated Press NFL Offensive Player of the Year Award
https://en.wikipedia.org/wiki/Seekkuge_Prasanna,Seekkuge Prasanna
https://en.wikipedia.org/wiki/Gill_S._Freeman,Gill S. Freeman
https://en.wikipedia.org/wiki/Paul_Curtis_(musician),Paul Curtis (musician)
https://en.wikipedia.org/wiki/Ravi_Jhankal,Ravi Jhankal
https://en.wikipedia.org/wiki/Hassan_Saeed,Hassan Saeed
https://en.wikipedia.org/wiki/J%C3%BCrgen_Banzer,Jürgen Banzer
https://en.wikipedia.org/wiki/Pelargonium_grandiflorum,
https://en.wikipedia.org/wiki/Future_Nostalgia,
https://en.wikipedia.org/wiki/1997%E2%80%9398_Rugby_Union_County_Championship,1997–98 Rugby Union County Championship
"https://en.wikipedia.org/wiki/Villa_Maria_College,_Christchurch","Villa Maria College, Christchurch"
https://en.wikipedia.org/wiki/Ferdinand_Brossart,Ferdinand Brossart
https://en.wikipedia.org/wiki/Stephen_E._Rivkin,Stephen E. Rivkin
https://en.wikipedia.org/wiki/Neil_Moss_(footballer),Neil Moss (footballer)
https://en.wikipedia.org/wiki/Carol_Vorderman,Carol Vorderman
https://en.wikipedia.org/wiki/Marcel_Vanthilt,Marcel Vanthilt
https://en.wikipedia.org/wiki/Proacina,Proacina
https://en.wikipedia.org/wiki/Synagogue_of_the_Kohanim_of_Djirt,Synagogue of the Kohanim of Djirt
https://en.wikipedia.org/wiki/Setaria_brigalow,
https://en.wikipedia.org/wiki/V%C3%A1clav_Benda,Václav Benda
https://en.wikipedia.org/wiki/List_of_games_with_concealed_rules,List of games with concealed rules
https://en.wikipedia.org/wiki/Centre_for_Food_Safety,Centre for Food Safety
https://en.wikipedia.org/wiki/Sylvain_Gagnon,Sylvain Gagnon
https://en.wikipedia.org/wiki/Shiuyinghua,
https://en.wikipedia.org/wiki/You%27re_My_Thrill_(song),You're My Thrill (song)
https://en.wikipedia.org/wiki/HMS_Newcastle,
https://en.wikipedia.org/wiki/Drassi,Drassi
https://en.wikipedia.org/wiki/Rondell_Rawlins,Rondell Rawlins
https://en.wikipedia.org/wiki/Andr%C3%A9_Soares_(fighter),André Soares (fighter)
https://en.wikipedia.org/wiki/Gary_Heavin,Gary Heavin
https://en.wikipedia.org/wiki/Wild_olive,Wild olive
https://en.wikipedia.org/wiki/Cycling_at_the_1934_British_Empire_Games,Cycling at the 1934 British Empire Games
https://en.wikipedia.org/wiki/Jan_E._Leach,Jan E. Leach
https://en.wikipedia.org/wiki/Basingstoke_Rural_District,Basingstoke Rural District
https://en.wikipedia.org/wiki/Richard_Tapper,Richard Tapper
https://en.wikipedia.org/wiki/Jalabala_Vaidya,Jalabala Vaidya
https://en.wikipedia.org/wiki/Ramses_Shaffy,Ramses Shaffy
https://en.wikipedia.org/wiki/Doleserpeton,
https://en.wikipedia.org/wiki/Fouad_Hijazi,Fouad Hijazi
https://en.wikipedia.org/wiki/Silcox_Hut,Silcox Hut
https://en.wikipedia.org/wiki/Ray_Aguilar,Ray Aguilar
https://en.wikipedia.org/wiki/Bunkot,Bunkot
"https://en.wikipedia.org/wiki/Miyako,_Iwate","Miyako, Iwate"
https://en.wikipedia.org/wiki/Valter_Chifu,Valter Chifu
https://en.wikipedia.org/wiki/Galashino,Galashino
https://en.wikipedia.org/wiki/Enrico_Neitzel,Enrico Neitzel
https://en.wikipedia.org/wiki/Maurice_Rose,Maurice Rose
https://en.wikipedia.org/wiki/David_Taylor_(American_football),David Taylor (American football)
https://en.wikipedia.org/wiki/Rahel_Daniel,Rahel Daniel
https://en.wikipedia.org/wiki/USS_Robinson_(DD-88),
https://en.wikipedia.org/wiki/Steve_Brown_(ice_hockey),Steve Brown (ice hockey)
https://en.wikipedia.org/wiki/John_Rollo,John Rollo
https://en.wikipedia.org/wiki/The_Journal_of_Human_Resources,
https://en.wikipedia.org/wiki/G._Armour_Craig,G. Armour Craig
https://en.wikipedia.org/wiki/Ron_Atchison,Ron Atchison
https://en.wikipedia.org/wiki/Danes_Worldwide,Danes Worldwide
https://en.wikipedia.org/wiki/Elidir_Fawr,Elidir Fawr
https://en.wikipedia.org/wiki/HMS_Sun_Prize_(1704),
https://en.wikipedia.org/wiki/2019_FIL_World_Luge_Championships_%E2%80%93_Doubles%27_sprint,2019 FIL World Luge Championships – Doubles' sprint
https://en.wikipedia.org/wiki/Calvin_(given_name),Calvin (given name)
https://en.wikipedia.org/wiki/Yehuda_Patt,Yehuda Patt
https://en.wikipedia.org/wiki/Just_a_Matter_of_Time_(Marlena_Shaw_album),
https://en.wikipedia.org/wiki/Sagarika_Gomes,Sagarika Gomes
https://en.wikipedia.org/wiki/Southern_Arm,Southern Arm
https://en.wikipedia.org/wiki/Karen_Donfried,Karen Donfried
https://en.wikipedia.org/wiki/Atyrau,Atyrau
https://en.wikipedia.org/wiki/Mount_Gilead_Downtown_Historic_District,Mount Gilead Downtown Historic District
https://en.wikipedia.org/wiki/Casing_(borehole),Casing (borehole)
https://en.wikipedia.org/wiki/Albert_Wurts_Whitney,Albert Wurts Whitney
https://en.wikipedia.org/wiki/Justin_Mathieu,Justin Mathieu
https://en.wikipedia.org/wiki/2007_Six_Days_of_Z%C3%BCrich,2007 Six Days of Zürich
https://en.wikipedia.org/wiki/Ambient_calculus,Ambient calculus
https://en.wikipedia.org/wiki/Calibre_(software),Calibre (software)
https://en.wikipedia.org/wiki/Pinochet_(surname),Pinochet (surname)
https://en.wikipedia.org/wiki/Shibam_Kawkaban_District,Shibam Kawkaban District
https://en.wikipedia.org/wiki/Girkar,Girkar
"https://en.wikipedia.org/wiki/Malatipur,_Malda","Malatipur, Malda"
https://en.wikipedia.org/wiki/Cheetah-licious_Christmas,
https://en.wikipedia.org/wiki/Struga_Banska,Struga Banska
https://en.wikipedia.org/wiki/Baruch_Spinoza,Baruch Spinoza
https://en.wikipedia.org/wiki/2022_BMW_Open_%E2%80%93_Doubles,2022 BMW Open – Doubles
https://en.wikipedia.org/wiki/Pickup_group,Pickup group
https://en.wikipedia.org/wiki/Ruoholahti,Ruoholahti
https://en.wikipedia.org/wiki/Strahinja_Kari%C5%A1i%C4%87,Strahinja Karišić
https://en.wikipedia.org/wiki/Brachybacterium_alimentarium,
https://en.wikipedia.org/wiki/Alexandru_Leu,Alexandru Leu
https://en.wikipedia.org/wiki/Thicker_than_Water_(1973_TV_series),
https://en.wikipedia.org/wiki/Stavelot_Bible,Stavelot Bible
https://en.wikipedia.org/wiki/Joyce_Solomon_Moorman,Joyce Solomon Moorman
https://en.wikipedia.org/wiki/Florida_Gulf_Coast_Eagles,Florida Gulf Coast Eagles
https://en.wikipedia.org/wiki/Piosina,Piosina
https://en.wikipedia.org/wiki/Joc%C3%B3n,Jocón
https://en.wikipedia.org/wiki/Non-line-of-sight_propagation,Non-line-of-sight propagation
https://en.wikipedia.org/wiki/Please_Don%27t_Eat_My_Mother,
https://en.wikipedia.org/wiki/Eug%C3%A9nie_Servi%C3%A8res,Eugénie Servières
https://en.wikipedia.org/wiki/Kydd_(surname),Kydd (surname)
https://en.wikipedia.org/wiki/Sukhvir_Singh,Sukhvir Singh
https://en.wikipedia.org/wiki/Chris_Gladwin_(engineer),Chris Gladwin (engineer)
https://en.wikipedia.org/wiki/Philip_Robertson_(British_Army_officer),Philip Robertson (British Army officer)
https://en.wikipedia.org/wiki/Tamejiro_Hiyama,Tamejiro Hiyama
https://en.wikipedia.org/wiki/Ian_Robinson_(rationalist),Ian Robinson (rationalist)
https://en.wikipedia.org/wiki/Yang_Maosou,Yang Maosou
https://en.wikipedia.org/wiki/Sebesty%C3%A9n_Schmidt,Sebestyén Schmidt
https://en.wikipedia.org/wiki/Tulsa_Run,Tulsa Run
"https://en.wikipedia.org/wiki/Brindle,_Lancashire","Brindle, Lancashire"
https://en.wikipedia.org/wiki/Salvia_humboldtiana,
https://en.wikipedia.org/wiki/Shakhbat_Shakhabit,
https://en.wikipedia.org/wiki/List_of_Chinese_films_of_1999,List of Chinese films of 1999
https://en.wikipedia.org/wiki/Jai_Bhim_Comrade,
https://en.wikipedia.org/wiki/The_Whizzard_of_Ow,
https://en.wikipedia.org/wiki/Rometsch,Rometsch
https://en.wikipedia.org/wiki/Goram_and_Vincent,Goram and Vincent
https://en.wikipedia.org/wiki/List_of_shipwrecks_in_June_1843,List of shipwrecks in June 1843
https://en.wikipedia.org/wiki/Takeo_Hiranuma,Takeo Hiranuma
https://en.wikipedia.org/wiki/Roman_Catholic_Archdiocese_of_Trivandrum,Roman Catholic Archdiocese of Trivandrum
https://en.wikipedia.org/wiki/Stacey_Bradford,Stacey Bradford
https://en.wikipedia.org/wiki/Shoreham_Nuclear_Power_Plant,Shoreham Nuclear Power Plant
https://en.wikipedia.org/wiki/Merrill_City_Hall,Merrill City Hall
https://en.wikipedia.org/wiki/Afristreptaxis_vosseleri,
https://en.wikipedia.org/wiki/H6PD,H6PD
"https://en.wikipedia.org/wiki/Whitley_Gardens,_California","Whitley Gardens, California"
https://en.wikipedia.org/wiki/Henri_Breuil,Henri Breuil
https://en.wikipedia.org/wiki/Mary_Qayuaryuk,Mary Qayuaryuk
"https://en.wikipedia.org/wiki/Pingyangmiao,_You_County","Pingyangmiao, You County"
"https://en.wikipedia.org/wiki/Tuxpan,_Michoac%C3%A1n","Tuxpan, Michoacán"
"https://en.wikipedia.org/wiki/Badia,_South_Tyrol","Badia, South Tyrol"
https://en.wikipedia.org/wiki/Samraat_(film),
https://en.wikipedia.org/wiki/Fontburn_Halt_railway_station,Fontburn Halt railway station
https://en.wikipedia.org/wiki/Thermal_keratosis,Thermal keratosis
https://en.wikipedia.org/wiki/QS_Virginis,QS Virginis
https://en.wikipedia.org/wiki/J._Broward_Culpepper,J. Broward Culpepper
https://en.wikipedia.org/wiki/Biorefining,Biorefining
https://en.wikipedia.org/wiki/Swimming_at_the_2017_World_Aquatics_Championships_%E2%80%93_Men%27s_50_metre_butterfly,Swimming at the 2017 World Aquatics Championships – Men's 50 metre butterfly
https://en.wikipedia.org/wiki/Jesper_Damgaard,Jesper Damgaard
https://en.wikipedia.org/wiki/1229_in_Ireland,1229 in Ireland
https://en.wikipedia.org/wiki/Evntlive,Evntlive
https://en.wikipedia.org/wiki/Yannis_Stournaras,Yannis Stournaras
https://en.wikipedia.org/wiki/Marthinus_Nikolaas_Ras,Marthinus Nikolaas Ras
https://en.wikipedia.org/wiki/Animakee_Wa_Zhing_37_First_Nation,Animakee Wa Zhing 37 First Nation
https://en.wikipedia.org/wiki/Aichelberg_Castle,Aichelberg Castle
https://en.wikipedia.org/wiki/Zargarian_Synagogue,Zargarian Synagogue
https://en.wikipedia.org/wiki/New_Law_Tenement,New Law Tenement
https://en.wikipedia.org/wiki/Detroit_Turbos,Detroit Turbos
https://en.wikipedia.org/wiki/13th_Arizona_State_Legislature,13th Arizona State Legislature
https://en.wikipedia.org/wiki/Tusar,Tusar
https://en.wikipedia.org/wiki/U.S._Standard_Atmosphere,U.S. Standard Atmosphere
"https://en.wikipedia.org/wiki/Springetts_Manor-Yorklyn,_Pennsylvania","Springetts Manor-Yorklyn, Pennsylvania"
https://en.wikipedia.org/wiki/Alpini,Alpini
https://en.wikipedia.org/wiki/2021%E2%80%9322_Taipei_Fubon_Braves_season,2021–22 Taipei Fubon Braves season
https://en.wikipedia.org/wiki/1935%E2%80%9336_Luxembourg_National_Division,1935–36 Luxembourg National Division
https://en.wikipedia.org/wiki/Barnizal,Barnizal
"https://en.wikipedia.org/wiki/Plaza_Hotel_(Trenton,_Missouri)","Plaza Hotel (Trenton, Missouri)"
https://en.wikipedia.org/wiki/Achillea_cretica,
"https://en.wikipedia.org/wiki/Homayun,_Kurdistan","Homayun, Kurdistan"
https://en.wikipedia.org/wiki/Masuo_Ikeda,Masuo Ikeda
https://en.wikipedia.org/wiki/Staro_Groblje,Staro Groblje
https://en.wikipedia.org/wiki/Calrossie_railway_station,Calrossie railway station
https://en.wikipedia.org/wiki/Homer_Heck,Homer Heck
https://en.wikipedia.org/wiki/2021%E2%80%9322_FD_Senior_Division,2021–22 FD Senior Division
https://en.wikipedia.org/wiki/Protective_laws,Protective laws
https://en.wikipedia.org/wiki/Schinopsis,
https://en.wikipedia.org/wiki/Saloinen,Saloinen
https://en.wikipedia.org/wiki/Ido_Abram,Ido Abram
https://en.wikipedia.org/wiki/2008_Saitama_Seibu_Lions_season,2008 Saitama Seibu Lions season
https://en.wikipedia.org/wiki/Malavan_F.C.,Malavan F.C.
"https://en.wikipedia.org/wiki/Michael_Baden-Powell,_4th_Baron_Baden-Powell","Michael Baden-Powell, 4th Baron Baden-Powell"
https://en.wikipedia.org/wiki/Charles_Garabed_Atamian,Charles Garabed Atamian
https://en.wikipedia.org/wiki/Tropical_forest,Tropical forest
https://en.wikipedia.org/wiki/Ivelin_Popov,Ivelin Popov
https://en.wikipedia.org/wiki/Majk%C3%B3w_Du%C5%BCy,Majków Duży
https://en.wikipedia.org/wiki/SC2_(leisure_complex),SC2 (leisure complex)
https://en.wikipedia.org/wiki/Professional_sports,Professional sports
https://en.wikipedia.org/wiki/Terry_Baker,Terry Baker
https://en.wikipedia.org/wiki/Xerxes_Peak,Xerxes Peak
https://en.wikipedia.org/wiki/Universo_pene_orbi,
"https://en.wikipedia.org/wiki/Mizuho,_Kyoto","Mizuho, Kyoto"
https://en.wikipedia.org/wiki/Mandjeck,Mandjeck
https://en.wikipedia.org/wiki/Kepteni,Kepteni
https://en.wikipedia.org/wiki/Orestias_parinacotensis,
https://en.wikipedia.org/wiki/Proton_X70,Proton X70
https://en.wikipedia.org/wiki/Dorrit_Black,Dorrit Black
https://en.wikipedia.org/wiki/Greece_men%27s_national_under-20_basketball_team,Greece men's national under-20 basketball team
https://en.wikipedia.org/wiki/Xenochironomus,
https://en.wikipedia.org/wiki/Victor_Doney,Victor Doney
https://en.wikipedia.org/wiki/Gilbert_Curgenven,Gilbert Curgenven
https://en.wikipedia.org/wiki/Yunquera,Yunquera
https://en.wikipedia.org/wiki/Betty_Scarpino,Betty Scarpino
https://en.wikipedia.org/wiki/Gangadharpur_Gram_Panchayat,Gangadharpur Gram Panchayat
https://en.wikipedia.org/wiki/List_of_schools_in_Cagayan_de_Oro,List of schools in Cagayan de Oro
https://en.wikipedia.org/wiki/Tetyana_Melnyk,Tetyana Melnyk
https://en.wikipedia.org/wiki/Exercise_Valiant_Shield,Exercise Valiant Shield
https://en.wikipedia.org/wiki/Ernst-R%C3%BCdiger_Olderog,Ernst-Rüdiger Olderog
https://en.wikipedia.org/wiki/Jim_Jumper_massacre,Jim Jumper massacre
https://en.wikipedia.org/wiki/Trollface,Trollface
"https://en.wikipedia.org/wiki/Candor,_North_Carolina","Candor, North Carolina"
https://en.wikipedia.org/wiki/Ren%C3%A9e_and_Renato,Renée and Renato
https://en.wikipedia.org/wiki/Maksim_Shumailov,Maksim Shumailov
https://en.wikipedia.org/wiki/Coney_Island_Baby_(film),Coney Island Baby (film)
https://en.wikipedia.org/wiki/Olof_Olsson,Olof Olsson
https://en.wikipedia.org/wiki/Ulli_Wolf,Ulli Wolf
https://en.wikipedia.org/wiki/George_Wallace_(Australian_comedian),George Wallace (Australian comedian)
https://en.wikipedia.org/wiki/Optical_landing_system,Optical landing system
https://en.wikipedia.org/wiki/1985_in_Argentine_football_(Nacional),1985 in Argentine football (Nacional)
https://en.wikipedia.org/wiki/2013%E2%80%9314_UCF_Knights_women%27s_basketball_team,2013–14 UCF Knights women's basketball team
https://en.wikipedia.org/wiki/Sa%C3%BAl_Morales,Saúl Morales
https://en.wikipedia.org/wiki/Susan_Provan,Susan Provan
https://en.wikipedia.org/wiki/Afanas,Afanas
https://en.wikipedia.org/wiki/Umalsat,Umalsat
https://en.wikipedia.org/wiki/Modern_Theology_(journal),
https://en.wikipedia.org/wiki/Hugh_Mercer,Hugh Mercer
https://en.wikipedia.org/wiki/Glen_Scotia_distillery,Glen Scotia distillery
https://en.wikipedia.org/wiki/Shahrak-e_Shahid_Montazeri,Shahrak-e Shahid Montazeri
https://en.wikipedia.org/wiki/2004%E2%80%9305_Charlotte_49ers_men%27s_basketball_team,2004–05 Charlotte 49ers men's basketball team
https://en.wikipedia.org/wiki/Canoeing_at_the_2002_Asian_Games_%E2%80%93_Men%27s_K-1_1000_metres,Canoeing at the 2002 Asian Games – Men's K-1 1000 metres
https://en.wikipedia.org/wiki/Zandt,Zandt
https://en.wikipedia.org/wiki/Akabane_Station,Akabane Station
https://en.wikipedia.org/wiki/It%27s_Only_Love_(B._J._Thomas_song),It's Only Love (B. J. Thomas song)
https://en.wikipedia.org/wiki/Andy_Wu,Andy Wu
"https://en.wikipedia.org/wiki/Falcon,_Kentucky","Falcon, Kentucky"
https://en.wikipedia.org/wiki/Whiskey_Bent_and_Hell_Bound_(album),
https://en.wikipedia.org/wiki/Canton_of_Vouziers,Canton of Vouziers
https://en.wikipedia.org/wiki/State_Highway_RC-31_(Puducherry),State Highway RC-31 (Puducherry)
https://en.wikipedia.org/wiki/Independent_Royalist_Party_of_Estonia,Independent Royalist Party of Estonia
https://en.wikipedia.org/wiki/Eddie_Burbanks,Eddie Burbanks
https://en.wikipedia.org/wiki/Sparrowpit,Sparrowpit
https://en.wikipedia.org/wiki/WIJV,WIJV
https://en.wikipedia.org/wiki/Sir_Eric_Matthew_Gairy_Botanical_Gardens,Sir Eric Matthew Gairy Botanical Gardens
https://en.wikipedia.org/wiki/Atlantique_Department,Atlantique Department
https://en.wikipedia.org/wiki/Ploutis_Servas,Ploutis Servas
https://en.wikipedia.org/wiki/Rustam_Usmonov,Rustam Usmonov
https://en.wikipedia.org/wiki/Helen_Sommers,Helen Sommers
https://en.wikipedia.org/wiki/Higher_Learning_Vol._2,
https://en.wikipedia.org/wiki/Mina_Napartuk,Mina Napartuk
https://en.wikipedia.org/wiki/1992_West_Lothian_District_Council_election,1992 West Lothian District Council election
https://en.wikipedia.org/wiki/Mariano_Matamoros,Mariano Matamoros
https://en.wikipedia.org/wiki/Alfetamine,Alfetamine
https://en.wikipedia.org/wiki/Impressions_(instrumental_composition),Impressions (instrumental composition)
https://en.wikipedia.org/wiki/Beatriz_Haddad_Maia_career_statistics,Beatriz Haddad Maia career statistics
https://en.wikipedia.org/wiki/G._Avery_Lee,G. Avery Lee
"https://en.wikipedia.org/wiki/Hyder,_Alaska","Hyder, Alaska"
https://en.wikipedia.org/wiki/Ibicuitinga,Ibicuitinga
https://en.wikipedia.org/wiki/Motorcycle_industry_in_Vietnam,Motorcycle industry in Vietnam
https://en.wikipedia.org/wiki/Shahla_Aghapour,Shahla Aghapour
https://en.wikipedia.org/wiki/Lovnik,Lovnik
https://en.wikipedia.org/wiki/Calceolariaceae,Calceolariaceae
https://en.wikipedia.org/wiki/Bar-necked_cuckoo-dove,Bar-necked cuckoo-dove
https://en.wikipedia.org/wiki/Clarence_Wilbur_Taber,Clarence Wilbur Taber
https://en.wikipedia.org/wiki/Chikola_(Manyoni_ward),Chikola (Manyoni ward)
https://en.wikipedia.org/wiki/Greensboro_Fire_Department,Greensboro Fire Department
https://en.wikipedia.org/wiki/Gor_Sujyan,Gor Sujyan
https://en.wikipedia.org/wiki/Batavia_F.C.,Batavia F.C.
https://en.wikipedia.org/wiki/Electoral_district_of_Musgrave,Electoral district of Musgrave
https://en.wikipedia.org/wiki/The_Wire_(Haim_song),The Wire (Haim song)
https://en.wikipedia.org/wiki/Take_(album),
https://en.wikipedia.org/wiki/Madureira_(surname),Madureira (surname)
https://en.wikipedia.org/wiki/List_of_Northwestern_State_Demons_football_seasons,List of Northwestern State Demons football seasons
https://en.wikipedia.org/wiki/Feline_corneal_sequestrum,Feline corneal sequestrum
https://en.wikipedia.org/wiki/Lawrence_Hazard,Lawrence Hazard
https://en.wikipedia.org/wiki/Kwan_Yoke_Meng,Kwan Yoke Meng
https://en.wikipedia.org/wiki/Laurence_S._Geller,Laurence S. Geller
https://en.wikipedia.org/wiki/Jovan_Pavlovi%C4%87,Jovan Pavlović
https://en.wikipedia.org/wiki/Gonebiskari,Gonebiskari
https://en.wikipedia.org/wiki/Nils_Hilsen,Nils Hilsen
https://en.wikipedia.org/wiki/Psychrobacter_urativorans,
https://en.wikipedia.org/wiki/Asclepias_asperula,
https://en.wikipedia.org/wiki/Jawaharpur_Super_Thermal_Power_Station,Jawaharpur Super Thermal Power Station
https://en.wikipedia.org/wiki/Ardozyga_hilara,
https://en.wikipedia.org/wiki/Ricardo_Ycaza,Ricardo Ycaza
"https://en.wikipedia.org/wiki/First-run_syndication_in_the_United_States,_2000s","First-run syndication in the United States, 2000s"
https://en.wikipedia.org/wiki/CEB_VER,CEB VER
https://en.wikipedia.org/wiki/Jos%C3%A9_F._Sosa,José F. Sosa
https://en.wikipedia.org/wiki/Ishura,
https://en.wikipedia.org/wiki/Gawambaraay,Gawambaraay
https://en.wikipedia.org/wiki/List_of_Papua_New_Guinean_first-class_cricketers,List of Papua New Guinean first-class cricketers
https://en.wikipedia.org/wiki/Tarella_(Cammeray),
https://en.wikipedia.org/wiki/Shinichi_Yamaoka,Shinichi Yamaoka
https://en.wikipedia.org/wiki/Prescient_Therapeutics,Prescient Therapeutics
https://en.wikipedia.org/wiki/1973_Uruguayan_coup_d%27%C3%A9tat,1973 Uruguayan coup d'état
https://en.wikipedia.org/wiki/Sarah_Martin,Sarah Martin
https://en.wikipedia.org/wiki/Ernest_Sauld,Ernest Sauld
https://en.wikipedia.org/wiki/Mohammad_Yunus_Khalis,Mohammad Yunus Khalis
https://en.wikipedia.org/wiki/Shim_(spacer),Shim (spacer)
https://en.wikipedia.org/wiki/Virendra_Pratap_Shahi,Virendra Pratap Shahi
https://en.wikipedia.org/wiki/William_H._Avery_(politician),William H. Avery (politician)
https://en.wikipedia.org/wiki/Nancy_Byrd_Turner,Nancy Byrd Turner
https://en.wikipedia.org/wiki/Shishkovtsi,Shishkovtsi
https://en.wikipedia.org/wiki/Watsonville_High_School,Watsonville High School
"https://en.wikipedia.org/wiki/Sir_Charles_Mordaunt,_6th_Baronet","Sir Charles Mordaunt, 6th Baronet"
https://en.wikipedia.org/wiki/Carabus_marginalis,
https://en.wikipedia.org/wiki/2002_Northeast_Conference_baseball_tournament,2002 Northeast Conference baseball tournament
https://en.wikipedia.org/wiki/2017_Four_Nations_Tournament_(women%27s_football),2017 Four Nations Tournament (women's football)
https://en.wikipedia.org/wiki/Hamartia,
https://en.wikipedia.org/wiki/Fowles,Fowles
https://en.wikipedia.org/wiki/Kankara_kidnapping,Kankara kidnapping
https://en.wikipedia.org/wiki/Marie_%C5%A0m%C3%ADdov%C3%A1_(handballer),Marie Šmídová (handballer)
https://en.wikipedia.org/wiki/Best_Coast_discography,Best Coast discography
https://en.wikipedia.org/wiki/Lisa_Scottoline,Lisa Scottoline
https://en.wikipedia.org/wiki/Mecometopus_palmatus,
https://en.wikipedia.org/wiki/Cochemiea_phitauiana,
https://en.wikipedia.org/wiki/Keenan_Robinson,Keenan Robinson
https://en.wikipedia.org/wiki/Panathinaikos_Movement,Panathinaikos Movement
https://en.wikipedia.org/wiki/Samba_band,Samba band
https://en.wikipedia.org/wiki/NAACP_Image_Award_for_Outstanding_Literary_Work_%E2%80%93_Fiction,NAACP Image Award for Outstanding Literary Work – Fiction
https://en.wikipedia.org/wiki/You_Are_the_Quarry,
https://en.wikipedia.org/wiki/Oleg_Sidorov,Oleg Sidorov
https://en.wikipedia.org/wiki/Aguas_Claras_District,Aguas Claras District
https://en.wikipedia.org/wiki/%C3%81rnason,Árnason
https://en.wikipedia.org/wiki/Elizabeth_Sprigge,Elizabeth Sprigge
https://en.wikipedia.org/wiki/Naviculavolva,
https://en.wikipedia.org/wiki/Agonum_extimum,
https://en.wikipedia.org/wiki/Phil_Campbell_and_the_Bastard_Sons,Phil Campbell and the Bastard Sons
https://en.wikipedia.org/wiki/Last_of_the_Warrens,
https://en.wikipedia.org/wiki/Character_class,Character class
https://en.wikipedia.org/wiki/Scent_preservation,Scent preservation
https://en.wikipedia.org/wiki/Alternate_character,Alternate character
https://en.wikipedia.org/wiki/Elizabeth_Baranger,Elizabeth Baranger
https://en.wikipedia.org/wiki/Maya_Block,Maya Block
https://en.wikipedia.org/wiki/Stronger_(Hanna_Pakarinen_album),
https://en.wikipedia.org/wiki/More_(Feodosiya),More (Feodosiya)
https://en.wikipedia.org/wiki/Maine_Senate,Maine Senate
https://en.wikipedia.org/wiki/1977%E2%80%9378_Arsenal_F.C._season,1977–78 Arsenal F.C. season
https://en.wikipedia.org/wiki/William_Nott_(bookbinder),William Nott (bookbinder)
https://en.wikipedia.org/wiki/DPP8,DPP8
https://en.wikipedia.org/wiki/Sosene_Anesi,Sosene Anesi
https://en.wikipedia.org/wiki/Spain_at_the_1924_Summer_Olympics,Spain at the 1924 Summer Olympics
https://en.wikipedia.org/wiki/Adalberto_Libera,Adalberto Libera
https://en.wikipedia.org/wiki/Grandborough,Grandborough
https://en.wikipedia.org/wiki/Al_Kharjah,Al Kharjah
https://en.wikipedia.org/wiki/History_of_Laos,History of Laos
https://en.wikipedia.org/wiki/InterACT_Disability_Arts_Festival,InterACT Disability Arts Festival
https://en.wikipedia.org/wiki/Percy_M._Young,Percy M. Young
https://en.wikipedia.org/wiki/Michael_Capasso,Michael Capasso
https://en.wikipedia.org/wiki/Beitar_Dov_Netanya_F.C.,Beitar Dov Netanya F.C.
https://en.wikipedia.org/wiki/New_Mexico_State_Road_44,New Mexico State Road 44
https://en.wikipedia.org/wiki/John_Watermann,John Watermann
https://en.wikipedia.org/wiki/James_Cadenhead,James Cadenhead
https://en.wikipedia.org/wiki/Baltazar_Leguizam%C3%B3n,Baltazar Leguizamón
https://en.wikipedia.org/wiki/Athletics_at_the_1984_Summer_Olympics,Athletics at the 1984 Summer Olympics
https://en.wikipedia.org/wiki/Kangal,Kangal
https://en.wikipedia.org/wiki/Express_Coach_Builders,Express Coach Builders
https://en.wikipedia.org/wiki/List_of_ITTF_World_Tour_winners,List of ITTF World Tour winners
https://en.wikipedia.org/wiki/Baba_Nyonya_Heritage_Museum,Baba Nyonya Heritage Museum
https://en.wikipedia.org/wiki/1990_Open_Championship,1990 Open Championship
https://en.wikipedia.org/wiki/Mehmet_Vas%C4%B1f_Yakut,Mehmet Vasıf Yakut
https://en.wikipedia.org/wiki/David_C._Halsted,David C. Halsted
https://en.wikipedia.org/wiki/Stojan_Matavulj,Stojan Matavulj
https://en.wikipedia.org/wiki/Ovenna,
https://en.wikipedia.org/wiki/Sedberry-Holmes_House,Sedberry-Holmes House
https://en.wikipedia.org/wiki/Mel_Mitchell,Mel Mitchell
https://en.wikipedia.org/wiki/Gr%C3%A9goire_Defrel,Grégoire Defrel
https://en.wikipedia.org/wiki/UBAC1,UBAC1
https://en.wikipedia.org/wiki/Th%E1%BA%BF_Mi%E1%BA%BFu,Thế Miếu
https://en.wikipedia.org/wiki/James_Byrne_(lawyer),James Byrne (lawyer)
https://en.wikipedia.org/wiki/Ashton_Lever,Ashton Lever
"https://en.wikipedia.org/wiki/Arrupe_College,_Harare","Arrupe College, Harare"
https://en.wikipedia.org/wiki/2001%E2%80%9302_Cypriot_First_Division,2001–02 Cypriot First Division
https://en.wikipedia.org/wiki/Quas,Quas
https://en.wikipedia.org/wiki/18th_century_BC_in_architecture,18th century BC in architecture
https://en.wikipedia.org/wiki/Ph%E1%BB%A7_L%C3%BD_station,Phủ Lý station
https://en.wikipedia.org/wiki/International_Herb_Symposium,International Herb Symposium
https://en.wikipedia.org/wiki/Robert_Dugard,Robert Dugard
https://en.wikipedia.org/wiki/Eisaku_Ogasawara,Eisaku Ogasawara
https://en.wikipedia.org/wiki/John_Forte_(comics),John Forte (comics)
https://en.wikipedia.org/wiki/Barbro_Kollberg,Barbro Kollberg
"https://en.wikipedia.org/wiki/Richard_Lumley,_1st_Viscount_Lumley","Richard Lumley, 1st Viscount Lumley"
https://en.wikipedia.org/wiki/Labor%E2%80%93Greens_coalition,Labor–Greens coalition
https://en.wikipedia.org/wiki/Bruno%27s,Bruno's
https://en.wikipedia.org/wiki/Bachchor_Mainz,Bachchor Mainz
https://en.wikipedia.org/wiki/Sadakat_Kadri,Sadakat Kadri
https://en.wikipedia.org/wiki/The_Very_Best_of_Jake_Thackray,
https://en.wikipedia.org/wiki/Doln%C3%AD_Z%C3%A1lezly,Dolní Zálezly
https://en.wikipedia.org/wiki/Eaton_Stannard,Eaton Stannard
https://en.wikipedia.org/wiki/Sick_Boi,
"https://en.wikipedia.org/wiki/Halkal%C4%B1,_K%C4%B1z%C4%B1ltepe","Halkalı, Kızıltepe"
https://en.wikipedia.org/wiki/Always_Forever_Now,
https://en.wikipedia.org/wiki/Pavlics,Pavlics
https://en.wikipedia.org/wiki/Lukas_Nelson_%26_Promise_of_the_Real,Lukas Nelson & Promise of the Real
https://en.wikipedia.org/wiki/Joe_Rubbo,Joe Rubbo
https://en.wikipedia.org/wiki/Gurie_Georgiu,Gurie Georgiu
https://en.wikipedia.org/wiki/Ruspidge_Halt_railway_station,Ruspidge Halt railway station
https://en.wikipedia.org/wiki/Year_of_the_Comet,
https://en.wikipedia.org/wiki/USC%26GSS_Pathfinder,
https://en.wikipedia.org/wiki/Ankara_Football_League,Ankara Football League
https://en.wikipedia.org/wiki/S%C3%A9bastien_Destremau,Sébastien Destremau
https://en.wikipedia.org/wiki/Busher_Jackson,Busher Jackson
https://en.wikipedia.org/wiki/Ke%C5%9Fi%C5%9Fk%C9%99nd,Keşişkənd
https://en.wikipedia.org/wiki/Chapayevo_Microdistrict,Chapayevo Microdistrict
https://en.wikipedia.org/wiki/Fallin%27_Off_the_Edge,
https://en.wikipedia.org/wiki/Tetratonic_scale,Tetratonic scale
"https://en.wikipedia.org/wiki/The_Vista_(Lewisville,_Texas)","The Vista (Lewisville, Texas)"
https://en.wikipedia.org/wiki/Speed_skating_at_the_2011_Asian_Winter_Games_%E2%80%93_Women%27s_1500_metres,Speed skating at the 2011 Asian Winter Games – Women's 1500 metres
https://en.wikipedia.org/wiki/2019_ANO_2011_leadership_election,2019 ANO 2011 leadership election
https://en.wikipedia.org/wiki/XHSM-FM,XHSM-FM
"https://en.wikipedia.org/wiki/Tiny,_Ontario","Tiny, Ontario"
https://en.wikipedia.org/wiki/Carcara%C3%B1%C3%A1_River,Carcarañá River
https://en.wikipedia.org/wiki/Robby_Ameen,Robby Ameen
https://en.wikipedia.org/wiki/Roberto_Bompiani,Roberto Bompiani
https://en.wikipedia.org/wiki/Lundi_Gras,Lundi Gras
https://en.wikipedia.org/wiki/The_Ag%C3%A1p%C4%93_Tour,The Agápē Tour
https://en.wikipedia.org/wiki/Albany_Great_Danes_men%27s_soccer,Albany Great Danes men's soccer
https://en.wikipedia.org/wiki/Since_1972,
"https://en.wikipedia.org/wiki/Konijerla,_West_Godavari_district","Konijerla, West Godavari district"
https://en.wikipedia.org/wiki/Canine_follicular_dysplasia,Canine follicular dysplasia
"https://en.wikipedia.org/wiki/Our_Father,_Thou_in_Heaven_Above","Our Father, Thou in Heaven Above"
https://en.wikipedia.org/wiki/Oregon_Pacific_Railroad_(1880%E2%80%931894),Oregon Pacific Railroad (1880–1894)
https://en.wikipedia.org/wiki/Duxhurst_Industrial_Farm_Colony,Duxhurst Industrial Farm Colony
https://en.wikipedia.org/wiki/Milne_model,Milne model
https://en.wikipedia.org/wiki/Water_Oakley,Water Oakley
https://en.wikipedia.org/wiki/Robert_Mutchell,Robert Mutchell
https://en.wikipedia.org/wiki/SPHARM-PDM,SPHARM-PDM
https://en.wikipedia.org/wiki/Paso_Barreto,Paso Barreto
https://en.wikipedia.org/wiki/Srimanthudu,
https://en.wikipedia.org/wiki/Danielle_Chuchran,Danielle Chuchran
https://en.wikipedia.org/wiki/Euetheola_subglabra,
https://en.wikipedia.org/wiki/Paudie_Feehan,Paudie Feehan
https://en.wikipedia.org/wiki/Patricia_Claxton,Patricia Claxton
https://en.wikipedia.org/wiki/Clan_of_Amazons,
https://en.wikipedia.org/wiki/Ospina,Ospina
https://en.wikipedia.org/wiki/Marc_John_Jefferies,Marc John Jefferies
https://en.wikipedia.org/wiki/Louis_Albert_Necker,Louis Albert Necker
https://en.wikipedia.org/wiki/Deborah_K._Chasanow,Deborah K. Chasanow
https://en.wikipedia.org/wiki/Smith_%26_Robards,Smith & Robards
https://en.wikipedia.org/wiki/Dutch_military_intervention_against_the_Islamic_State,Dutch military intervention against the Islamic State
https://en.wikipedia.org/wiki/EOC_8_inch_40_caliber,EOC 8 inch 40 caliber
https://en.wikipedia.org/wiki/M7_grenade_launcher,M7 grenade launcher
https://en.wikipedia.org/wiki/Ten_Toes_Down,
https://en.wikipedia.org/wiki/Maria_Alves_(footballer),Maria Alves (footballer)
https://en.wikipedia.org/wiki/Waldemar_Wappenhans,Waldemar Wappenhans
https://en.wikipedia.org/wiki/Phil_Nastu,Phil Nastu
https://en.wikipedia.org/wiki/Johnny_Jolly,Johnny Jolly
https://en.wikipedia.org/wiki/Calabou%C3%A7o_River,Calabouço River
https://en.wikipedia.org/wiki/Ohio_University_Press,Ohio University Press
https://en.wikipedia.org/wiki/Brodsky_Quartet_(Adolph_Brodsky_Leipzig),Brodsky Quartet (Adolph Brodsky Leipzig)
https://en.wikipedia.org/wiki/Escuela_Nacional_Preparatoria_1_%22Gabino_Barreda%22,"Escuela Nacional Preparatoria 1 ""Gabino Barreda"""
https://en.wikipedia.org/wiki/Pre-ignition,Pre-ignition
https://en.wikipedia.org/wiki/1924_Wightman_Cup,1924 Wightman Cup
https://en.wikipedia.org/wiki/Great_Dane,Great Dane
https://en.wikipedia.org/wiki/UEFA_Euro_1984_squads,UEFA Euro 1984 squads
https://en.wikipedia.org/wiki/Patau-Patau,Patau-Patau
https://en.wikipedia.org/wiki/Wayne_Marshall_(basketball),Wayne Marshall (basketball)
https://en.wikipedia.org/wiki/Kendriya_Vidyalaya_Pangode,Kendriya Vidyalaya Pangode
https://en.wikipedia.org/wiki/Cortodera_coniferae,
https://en.wikipedia.org/wiki/Bernard_Stern,Bernard Stern
https://en.wikipedia.org/wiki/Culex_gelidus,
https://en.wikipedia.org/wiki/K%C5%93tzingue,Kœtzingue
https://en.wikipedia.org/wiki/2015_Asian_Athletics_Championships_%E2%80%93_Men%27s_decathlon,2015 Asian Athletics Championships – Men's decathlon
"https://en.wikipedia.org/wiki/Historic_Wintersburg_in_Huntington_Beach,_California","Historic Wintersburg in Huntington Beach, California"
https://en.wikipedia.org/wiki/Jiang_Qin,Jiang Qin
https://en.wikipedia.org/wiki/Jochem_Pietersen_Kuyter,Jochem Pietersen Kuyter
https://en.wikipedia.org/wiki/Eudicots,Eudicots
https://en.wikipedia.org/wiki/The_Maestro_(2018_film),
https://en.wikipedia.org/wiki/Leptostylus_spermovoratis,
https://en.wikipedia.org/wiki/Jocara_amazonalis,
https://en.wikipedia.org/wiki/Dana_Douglas,Dana Douglas
https://en.wikipedia.org/wiki/2015_Waverley_Borough_Council_election,2015 Waverley Borough Council election
https://en.wikipedia.org/wiki/Lady_Grizel_Louise_Hamilton,Lady Grizel Louise Hamilton
https://en.wikipedia.org/wiki/American_Journal_of_Respiratory_and_Critical_Care_Medicine,
https://en.wikipedia.org/wiki/Ed_Wool,Ed Wool
https://en.wikipedia.org/wiki/Nabd,Nabd
https://en.wikipedia.org/wiki/Dermot_O%27Leary_Presents_The_Saturday_Sessions_2011,
https://en.wikipedia.org/wiki/Autumn-Rain_Stephens-Daly,Autumn-Rain Stephens-Daly
https://en.wikipedia.org/wiki/Sankt_Anton_an_der_Je%C3%9Fnitz,Sankt Anton an der Jeßnitz
https://en.wikipedia.org/wiki/George_Lewis_(Royal_Marines_officer),George Lewis (Royal Marines officer)
https://en.wikipedia.org/wiki/Jo%C3%ABlle_Tuerlinckx,Joëlle Tuerlinckx
https://en.wikipedia.org/wiki/Roger_Grainsby,Roger Grainsby
https://en.wikipedia.org/wiki/Matsukawa_Station,Matsukawa Station
https://en.wikipedia.org/wiki/Art_Hodgins,Art Hodgins
https://en.wikipedia.org/wiki/Clare_Fearnley,Clare Fearnley
https://en.wikipedia.org/wiki/Wuri_railway_station,Wuri railway station
https://en.wikipedia.org/wiki/Olympic_4,
https://en.wikipedia.org/wiki/Alva_Campbell,Alva Campbell
https://en.wikipedia.org/wiki/John_Jackson_(Richmond_politician),John Jackson (Richmond politician)
https://en.wikipedia.org/wiki/2015_BRD_N%C4%83stase_%C8%9Airiac_Trophy_%E2%80%93_Singles,2015 BRD Năstase Țiriac Trophy – Singles
https://en.wikipedia.org/wiki/Tunisia_at_the_1983_Mediterranean_Games,Tunisia at the 1983 Mediterranean Games
"https://en.wikipedia.org/wiki/Fred_Smith_(rugby_league,_born_1935)","Fred Smith (rugby league, born 1935)"
https://en.wikipedia.org/wiki/North_Wales_Miners%27_Association,North Wales Miners' Association
https://en.wikipedia.org/wiki/Abhidhamma_Pi%E1%B9%ADaka,
https://en.wikipedia.org/wiki/Chelsea_Newton,Chelsea Newton
"https://en.wikipedia.org/wiki/Low_Wassie,_Missouri","Low Wassie, Missouri"
https://en.wikipedia.org/wiki/Kalmat-e_Shalu,Kalmat-e Shalu
https://en.wikipedia.org/wiki/Settawya_Pagoda,Settawya Pagoda
https://en.wikipedia.org/wiki/Karl_Pfeffer-Wildenbruch,Karl Pfeffer-Wildenbruch
https://en.wikipedia.org/wiki/Lock_convoy,Lock convoy
https://en.wikipedia.org/wiki/Ealdbert,Ealdbert
https://en.wikipedia.org/wiki/Lists_of_Test_cricketers,Lists of Test cricketers
https://en.wikipedia.org/wiki/Zyryanka_(disambiguation),Zyryanka (disambiguation)
https://en.wikipedia.org/wiki/Two_Row_Times,
https://en.wikipedia.org/wiki/Parti_Rakyat_Malaysia,Parti Rakyat Malaysia
https://en.wikipedia.org/wiki/Aman_Foundation,Aman Foundation
https://en.wikipedia.org/wiki/Khopyor,Khopyor
https://en.wikipedia.org/wiki/Eoxin_C4,Eoxin C4
https://en.wikipedia.org/wiki/Ivanovo_Selo_massacre,Ivanovo Selo massacre
https://en.wikipedia.org/wiki/Hayles_Abbey_Halt_railway_station,Hayles Abbey Halt railway station
https://en.wikipedia.org/wiki/Beg_tse,
https://en.wikipedia.org/wiki/Maurice_Griffiths,Maurice Griffiths
https://en.wikipedia.org/wiki/Sabah_Football_Association,Sabah Football Association
https://en.wikipedia.org/wiki/Trondheim_Synagogue,Trondheim Synagogue
https://en.wikipedia.org/wiki/Monte_Grammondo,Monte Grammondo
https://en.wikipedia.org/wiki/Feminism_in_Latin_America,Feminism in Latin America
https://en.wikipedia.org/wiki/Micle,Micle
https://en.wikipedia.org/wiki/Beatmania_IIDX_5th_Style,
"https://en.wikipedia.org/wiki/Crist%C3%B3bal,_Dominican_Republic","Cristóbal, Dominican Republic"
https://en.wikipedia.org/wiki/Communist_Party_of_Indian_Union_(Marxist%E2%80%93Leninist),Communist Party of Indian Union (Marxist–Leninist)
https://en.wikipedia.org/wiki/Kids%27_Choice_Award_for_Favorite_Cartoon,Kids' Choice Award for Favorite Cartoon
https://en.wikipedia.org/wiki/Namangan_District,Namangan District
https://en.wikipedia.org/wiki/George_Linder_(politician),George Linder (politician)
https://en.wikipedia.org/wiki/Souleymane_Guengueng,Souleymane Guengueng
https://en.wikipedia.org/wiki/Lotus_(magazine),
https://en.wikipedia.org/wiki/Seguenzia,
https://en.wikipedia.org/wiki/Emolument.com,Emolument.com
https://en.wikipedia.org/wiki/Con_Feighery,Con Feighery
https://en.wikipedia.org/wiki/Sixtinus_Amama,Sixtinus Amama
https://en.wikipedia.org/wiki/Cultures_of_Vision,
https://en.wikipedia.org/wiki/Ikramullah_Gran,Ikramullah Gran
https://en.wikipedia.org/wiki/Modred_the_Mystic,Modred the Mystic
https://en.wikipedia.org/wiki/Masseduction,
https://en.wikipedia.org/wiki/FuRyu,FuRyu
https://en.wikipedia.org/wiki/Kepler-14,Kepler-14
https://en.wikipedia.org/wiki/Anime_Complex,Anime Complex
"https://en.wikipedia.org/wiki/T%C3%A4nnassilma,_Tartu_County","Tännassilma, Tartu County"
https://en.wikipedia.org/wiki/Mary_Riter_Hamilton,Mary Riter Hamilton
https://en.wikipedia.org/wiki/Ford_Warehouse,Ford Warehouse
https://en.wikipedia.org/wiki/Lipke_Holthuis,Lipke Holthuis
https://en.wikipedia.org/wiki/Adult_Beginners,
https://en.wikipedia.org/wiki/William_Henry_Foster_(Lancaster_MP),William Henry Foster (Lancaster MP)
https://en.wikipedia.org/wiki/Seif_Rashidi,Seif Rashidi
https://en.wikipedia.org/wiki/Manuela_Pfrunder,Manuela Pfrunder
"https://en.wikipedia.org/wiki/Scott_County,_Missouri","Scott County, Missouri"
https://en.wikipedia.org/wiki/Gulshan_District,Gulshan District
https://en.wikipedia.org/wiki/Jo_Yoon-hee,Jo Yoon-hee
https://en.wikipedia.org/wiki/Van_%27t_Hek,Van 't Hek
https://en.wikipedia.org/wiki/Gord_McFarlane,Gord McFarlane
https://en.wikipedia.org/wiki/Kaito_Shigeno,Kaito Shigeno
https://en.wikipedia.org/wiki/If_They_Come_in_the_Morning_(song),If They Come in the Morning (song)
https://en.wikipedia.org/wiki/Procydrela,
https://en.wikipedia.org/wiki/Lois_G._Schwoerer,Lois G. Schwoerer
https://en.wikipedia.org/wiki/Abu%27l-Saj_Devdad,Abu'l-Saj Devdad
https://en.wikipedia.org/wiki/Kamiko,
https://en.wikipedia.org/wiki/Black_Banks_Creek,Black Banks Creek
https://en.wikipedia.org/wiki/Cosmopterix_chrysocrates,
https://en.wikipedia.org/wiki/Han_Gong-ju,
"https://en.wikipedia.org/wiki/Qarkhun,_Qazvin","Qarkhun, Qazvin"
https://en.wikipedia.org/wiki/Tulice,Tulice
https://en.wikipedia.org/wiki/La_Croix_(newspaper),
https://en.wikipedia.org/wiki/The_Sea_Hornet,
https://en.wikipedia.org/wiki/Rosandra_Valley,Rosandra Valley
https://en.wikipedia.org/wiki/Deh_25_A_Jamrao,Deh 25 A Jamrao
https://en.wikipedia.org/wiki/Vicente_Catada,Vicente Catada
https://en.wikipedia.org/wiki/Wonton_noodles,Wonton noodles
https://en.wikipedia.org/wiki/Black_Friday_(1869),Black Friday (1869)
https://en.wikipedia.org/wiki/K%C4%81k%C4%81wahie,Kākāwahie
https://en.wikipedia.org/wiki/Mokowanis_Lake,Mokowanis Lake
https://en.wikipedia.org/wiki/Intergroup_Rhabdomyosarcoma_Study_Group,Intergroup Rhabdomyosarcoma Study Group
https://en.wikipedia.org/wiki/Hard_2_Love_(Haystak_album),
https://en.wikipedia.org/wiki/Gorenstein,Gorenstein
https://en.wikipedia.org/wiki/Aliabad-e_Jombozeh,Aliabad-e Jombozeh
https://en.wikipedia.org/wiki/Progonat,Progonat
https://en.wikipedia.org/wiki/Camelot_(musical),
https://en.wikipedia.org/wiki/Thomas_Voigt,Thomas Voigt
https://en.wikipedia.org/wiki/Wings_of_Love_(Pearson),
https://en.wikipedia.org/wiki/MIRA_Ltd.,MIRA Ltd.
https://en.wikipedia.org/wiki/Martin_Jacques,Martin Jacques
https://en.wikipedia.org/wiki/Hadrianopolis_(Epirus),Hadrianopolis (Epirus)
https://en.wikipedia.org/wiki/Soul_Message,
https://en.wikipedia.org/wiki/Fill_Your_Head_with_Rock_(Kim_Mitchell_album),
https://en.wikipedia.org/wiki/USS_Ella_(SP-1676),
https://en.wikipedia.org/wiki/Kerman_Tour,Kerman Tour
https://en.wikipedia.org/wiki/The_Mysterious_Avenger,
"https://en.wikipedia.org/wiki/Menzies_Creek,_Victoria","Menzies Creek, Victoria"
"https://en.wikipedia.org/wiki/List_of_masters_of_Corpus_Christi_College,_Cambridge","List of masters of Corpus Christi College, Cambridge"
https://en.wikipedia.org/wiki/European_Friends_of_Israel,European Friends of Israel
https://en.wikipedia.org/wiki/August_Vann,August Vann
https://en.wikipedia.org/wiki/Hoffmann%27s_reflex,Hoffmann's reflex
https://en.wikipedia.org/wiki/Green_River_Covered_Bridge,Green River Covered Bridge
https://en.wikipedia.org/wiki/Faiyum_SC,Faiyum SC
https://en.wikipedia.org/wiki/Forum_Freies_Theater,Forum Freies Theater
https://en.wikipedia.org/wiki/Booby_Cay_(Bahamas),Booby Cay (Bahamas)
https://en.wikipedia.org/wiki/Khalkhin-Gol,
"https://en.wikipedia.org/wiki/Punta_Gorda,_Belize","Punta Gorda, Belize"
https://en.wikipedia.org/wiki/Louis_Gabriel,Louis Gabriel
https://en.wikipedia.org/wiki/Iocaste_(moon),Iocaste (moon)
https://en.wikipedia.org/wiki/Chart_Records,Chart Records
https://en.wikipedia.org/wiki/Russell_Hittinger,Russell Hittinger
https://en.wikipedia.org/wiki/Ross_Bank,Ross Bank
https://en.wikipedia.org/wiki/Pulitzer_Prize_for_Correspondence,Pulitzer Prize for Correspondence
https://en.wikipedia.org/wiki/Munnekemoer,Munnekemoer
https://en.wikipedia.org/wiki/The_Marin,The Marin
https://en.wikipedia.org/wiki/Stato_di_necessit%C3%A0,
https://en.wikipedia.org/wiki/Menetries%27s_warbler,Menetries's warbler
https://en.wikipedia.org/wiki/Pseudodaphnella_kilburni,
https://en.wikipedia.org/wiki/HMS_Blenheim_(1761),
https://en.wikipedia.org/wiki/Millettia_eriocarpa,
https://en.wikipedia.org/wiki/Dushkaja_mine,Dushkaja mine
https://en.wikipedia.org/wiki/IC_3583,IC 3583
https://en.wikipedia.org/wiki/Danza_de_los_Viejitos,
https://en.wikipedia.org/wiki/Cerberus_(protein),Cerberus (protein)
https://en.wikipedia.org/wiki/Evelyn_Richter,Evelyn Richter
https://en.wikipedia.org/wiki/Vuai_Abdallah_Khamis,Vuai Abdallah Khamis
https://en.wikipedia.org/wiki/Sam_Kerr_(Scottish_footballer),Sam Kerr (Scottish footballer)
https://en.wikipedia.org/wiki/Bankrupt!,
https://en.wikipedia.org/wiki/Pioneer_Implement_Company,Pioneer Implement Company
https://en.wikipedia.org/wiki/Mick_Baxter,Mick Baxter
https://en.wikipedia.org/wiki/MV_Grace_Darling_(1919),
https://en.wikipedia.org/wiki/Pure_Desmond,
https://en.wikipedia.org/wiki/Herpetogramma_cleoropa,
https://en.wikipedia.org/wiki/Middle_Dutch_literature,Middle Dutch literature
https://en.wikipedia.org/wiki/San_Blas_Islands,San Blas Islands
https://en.wikipedia.org/wiki/Billy_Mason,Billy Mason
https://en.wikipedia.org/wiki/Hirmuk%C3%BCla,Hirmuküla
https://en.wikipedia.org/wiki/Bazaar_of_the_Bizarre,Bazaar of the Bizarre
https://en.wikipedia.org/wiki/Rolfe_Photoplays,Rolfe Photoplays
https://en.wikipedia.org/wiki/Anomala_kanshireiensis,
https://en.wikipedia.org/wiki/Tolumonas_osonensis,
https://en.wikipedia.org/wiki/Militsa_Nechkina,Militsa Nechkina
https://en.wikipedia.org/wiki/Royal_Wootton_Bassett_Town_F.C.,Royal Wootton Bassett Town F.C.
https://en.wikipedia.org/wiki/Retifusus_jessoensis,
"https://en.wikipedia.org/wiki/Nespelem,_Washington","Nespelem, Washington"
https://en.wikipedia.org/wiki/2010%E2%80%9311_FA_Women%27s_Premier_League,2010–11 FA Women's Premier League
https://en.wikipedia.org/wiki/Mary_Gine_Riley,Mary Gine Riley
https://en.wikipedia.org/wiki/Albert_Agarunov,Albert Agarunov
https://en.wikipedia.org/wiki/2023%E2%80%9324_FIS_Freestyle_Ski_World_Cup,2023–24 FIS Freestyle Ski World Cup
https://en.wikipedia.org/wiki/Mouhamadou_Fall,Mouhamadou Fall
https://en.wikipedia.org/wiki/Damba_(municipality),Damba (municipality)
https://en.wikipedia.org/wiki/Neoplanorbis_tantillus,
https://en.wikipedia.org/wiki/Anacyclus_valentinus,
https://en.wikipedia.org/wiki/Susan_Mehmedbasich,Susan Mehmedbasich
https://en.wikipedia.org/wiki/Xinzo_de_Limia,Xinzo de Limia
https://en.wikipedia.org/wiki/George_Westinghouse_Career_and_Technical_Education_High_School,George Westinghouse Career and Technical Education High School
https://en.wikipedia.org/wiki/Uloma_impressa,
"https://en.wikipedia.org/wiki/Niseko,_Hokkaido","Niseko, Hokkaido"
https://en.wikipedia.org/wiki/Julius_Maximilian_Maurer,Julius Maximilian Maurer
https://en.wikipedia.org/wiki/Techron,Techron
https://en.wikipedia.org/wiki/Kevatta_Sutta,
https://en.wikipedia.org/wiki/Lefty_Dizz,Lefty Dizz
https://en.wikipedia.org/wiki/Edward_P._Morse,Edward P. Morse
https://en.wikipedia.org/wiki/Greatest_Hits_and_Rare_Classics,
https://en.wikipedia.org/wiki/Conrad_Herwig,Conrad Herwig
https://en.wikipedia.org/wiki/Okondja_Airport,Okondja Airport
https://en.wikipedia.org/wiki/Lantzia,
https://en.wikipedia.org/wiki/Decha,Decha
"https://en.wikipedia.org/wiki/Mount_Gilead,_Ohio","Mount Gilead, Ohio"
https://en.wikipedia.org/wiki/Double_Dip_(confectionery),Double Dip (confectionery)
https://en.wikipedia.org/wiki/Beyond_the_Passage_of_Time,
https://en.wikipedia.org/wiki/Richard_Fecteau,Richard Fecteau
https://en.wikipedia.org/wiki/1993_UMass_Minutemen_football_team,1993 UMass Minutemen football team
https://en.wikipedia.org/wiki/Civilian_Clothes,
https://en.wikipedia.org/wiki/Gare_d%27autocars_de_Montr%C3%A9al,Gare d'autocars de Montréal
https://en.wikipedia.org/wiki/One-third_octave,One-third octave
https://en.wikipedia.org/wiki/Al-Arishah,Al-Arishah
https://en.wikipedia.org/wiki/Jonathan_Koon,Jonathan Koon
https://en.wikipedia.org/wiki/Camp_Zachary_Taylor,Camp Zachary Taylor
https://en.wikipedia.org/wiki/Baldhan_Khurd,Baldhan Khurd
"https://en.wikipedia.org/wiki/National_Register_of_Historic_Places_listings_in_Tom_Green_County,_Texas","National Register of Historic Places listings in Tom Green County, Texas"
https://en.wikipedia.org/wiki/Aaron_Frederick_Rasmussen_Jr.,Aaron Frederick Rasmussen Jr.
https://en.wikipedia.org/wiki/Yang_Xusong,Yang Xusong
https://en.wikipedia.org/wiki/1967%E2%80%9368_Chicago_Bulls_season,1967–68 Chicago Bulls season
"https://en.wikipedia.org/wiki/Heckscherville,_Pennsylvania","Heckscherville, Pennsylvania"
https://en.wikipedia.org/wiki/Jack_Boyd_(footballer),Jack Boyd (footballer)
https://en.wikipedia.org/wiki/Florence_McLaughlin,Florence McLaughlin
https://en.wikipedia.org/wiki/Komadzyn,Komadzyn
https://en.wikipedia.org/wiki/Mirachelus_corbis,
https://en.wikipedia.org/wiki/Alireza_Zarrindast,Alireza Zarrindast
https://en.wikipedia.org/wiki/Nancy_Winstel,Nancy Winstel
https://en.wikipedia.org/wiki/1977_Italian_Athletics_Championships,1977 Italian Athletics Championships
https://en.wikipedia.org/wiki/Anna_of_Hohenstaufen,Anna of Hohenstaufen
https://en.wikipedia.org/wiki/Isalean_Philip,Isalean Philip
https://en.wikipedia.org/wiki/Whitehead_Women%27s_Pairs,Whitehead Women's Pairs
https://en.wikipedia.org/wiki/Cisne_Branco,
https://en.wikipedia.org/wiki/Mara%C3%B1%C3%B3n_Province,Marañón Province
https://en.wikipedia.org/wiki/Kazzaz,Kazzaz
https://en.wikipedia.org/wiki/1993_Governor_General%27s_Awards,1993 Governor General's Awards
https://en.wikipedia.org/wiki/Bracknell_(UK_Parliament_constituency),Bracknell (UK Parliament constituency)
https://en.wikipedia.org/wiki/Peter_Woodbury,Peter Woodbury
"https://en.wikipedia.org/wiki/Belmont_Castle,_Graub%C3%BCnden","Belmont Castle, Graubünden"
https://en.wikipedia.org/wiki/Miodrag_Marinovic,Miodrag Marinovic
https://en.wikipedia.org/wiki/Andreas_Borum,Andreas Borum
https://en.wikipedia.org/wiki/Pyrgiscus_rufus,
https://en.wikipedia.org/wiki/Paul_Dalrymple_Butler,Paul Dalrymple Butler
https://en.wikipedia.org/wiki/Parisienne_(perfume),Parisienne (perfume)
https://en.wikipedia.org/wiki/South_Africa_at_the_1996_Summer_Olympics,South Africa at the 1996 Summer Olympics
https://en.wikipedia.org/wiki/Ruine_Hauenstein,Ruine Hauenstein
https://en.wikipedia.org/wiki/Deuterocopus_albipunctatus,
https://en.wikipedia.org/wiki/Powelliphanta_%22Baton%22,
https://en.wikipedia.org/wiki/Hiroki_Yuhara,Hiroki Yuhara
https://en.wikipedia.org/wiki/Ruslan_Barsky,Ruslan Barsky
https://en.wikipedia.org/wiki/Nesrin_%C5%9Eamdereli,Nesrin Şamdereli
https://en.wikipedia.org/wiki/Karl_Kennedy,Karl Kennedy
https://en.wikipedia.org/wiki/Morweena,Morweena
https://en.wikipedia.org/wiki/JDS_Chitose,
https://en.wikipedia.org/wiki/Doug_Rich,Doug Rich
https://en.wikipedia.org/wiki/Adil_Khan_Ziyadkhanov,Adil Khan Ziyadkhanov
https://en.wikipedia.org/wiki/Ismail_Mohammed_Sharif,Ismail Mohammed Sharif
https://en.wikipedia.org/wiki/University_of_Washington_Tacoma,University of Washington Tacoma
https://en.wikipedia.org/wiki/Dennis_Ciclitira,Dennis Ciclitira
https://en.wikipedia.org/wiki/Rajni_Patel,Rajni Patel
https://en.wikipedia.org/wiki/Desta_Damtew,Desta Damtew
https://en.wikipedia.org/wiki/Ivory_Bangle_Lady,Ivory Bangle Lady
https://en.wikipedia.org/wiki/Daniel_Zmeko,Daniel Zmeko
https://en.wikipedia.org/wiki/List_of_governors_of_Himachal_Pradesh,List of governors of Himachal Pradesh
https://en.wikipedia.org/wiki/Tommy_Gentles,Tommy Gentles
https://en.wikipedia.org/wiki/Lanell,Lanell
https://en.wikipedia.org/wiki/Zerogone,
https://en.wikipedia.org/wiki/Orlando_Jones,Orlando Jones
https://en.wikipedia.org/wiki/USS_Madison_(DD-425),
https://en.wikipedia.org/wiki/Orostachys,
https://en.wikipedia.org/wiki/Have_Moicy!,
https://en.wikipedia.org/wiki/Volvo_BZL,Volvo BZL
https://en.wikipedia.org/wiki/Neboj%C5%A1a_Ili%C4%87_(basketball),Nebojša Ilić (basketball)
https://en.wikipedia.org/wiki/SECS/GEM,SECS/GEM
https://en.wikipedia.org/wiki/Southwestern_Ukrainian_dialects,Southwestern Ukrainian dialects
https://en.wikipedia.org/wiki/Demographic_history_of_Montenegro,Demographic history of Montenegro
https://en.wikipedia.org/wiki/Chiang_Mai_Flower_Festival,Chiang Mai Flower Festival
"https://en.wikipedia.org/wiki/Golden,_Texas","Golden, Texas"
https://en.wikipedia.org/wiki/Boosted_(company),Boosted (company)
https://en.wikipedia.org/wiki/Burden_Falls_Wilderness,Burden Falls Wilderness
https://en.wikipedia.org/wiki/PonoPlayer,PonoPlayer
https://en.wikipedia.org/wiki/Rodney_Tweet,Rodney Tweet
https://en.wikipedia.org/wiki/Miikka_Salom%C3%A4ki,Miikka Salomäki
https://en.wikipedia.org/wiki/%C4%8Cevica,Čevica
https://en.wikipedia.org/wiki/Magnapinna_sp._C,
https://en.wikipedia.org/wiki/Ron_Hassey,Ron Hassey
https://en.wikipedia.org/wiki/Lawrence_Creek_(California),Lawrence Creek (California)
https://en.wikipedia.org/wiki/Kevin_Scott_(speed_skater),Kevin Scott (speed skater)
https://en.wikipedia.org/wiki/Jean-Baptiste_de_Macarty_Macteigue,Jean-Baptiste de Macarty Macteigue
https://en.wikipedia.org/wiki/Staff_god,Staff god
https://en.wikipedia.org/wiki/Castromocho,Castromocho
https://en.wikipedia.org/wiki/Digital_currency,Digital currency
https://en.wikipedia.org/wiki/Yu_Yonehara,Yu Yonehara
https://en.wikipedia.org/wiki/Gorges_de_Daluis,Gorges de Daluis
https://en.wikipedia.org/wiki/The_Pasties,The Pasties
https://en.wikipedia.org/wiki/Commitment_(Bobby_Darin_album),
https://en.wikipedia.org/wiki/Afia_Charles,Afia Charles
https://en.wikipedia.org/wiki/Quantum_compass,Quantum compass
https://en.wikipedia.org/wiki/Bernardino_da_Balbano,Bernardino da Balbano
https://en.wikipedia.org/wiki/Theophilus_of_Antioch,Theophilus of Antioch
https://en.wikipedia.org/wiki/Scotland_women%27s_national_football_team_results_(2010%E2%80%932019),Scotland women's national football team results (2010–2019)
https://en.wikipedia.org/wiki/Mordellistena_zavattarii,
https://en.wikipedia.org/wiki/Noka_Chocolate,Noka Chocolate
https://en.wikipedia.org/wiki/2023%E2%80%9324_Hatayspor_season,2023–24 Hatayspor season
https://en.wikipedia.org/wiki/V%C3%A4ike-Veerksu,Väike-Veerksu
https://en.wikipedia.org/wiki/Mu_Lyrae,Mu Lyrae
https://en.wikipedia.org/wiki/Kathleen_Petyarre,Kathleen Petyarre
"https://en.wikipedia.org/wiki/Cavour,_Piedmont","Cavour, Piedmont"
https://en.wikipedia.org/wiki/Rolls-Royce_Silent_Shadow,Rolls-Royce Silent Shadow
https://en.wikipedia.org/wiki/Vidal_Taro%C3%A7,Vidal Taroç
https://en.wikipedia.org/wiki/Shimizu_Koto_Blue_Sharks,Shimizu Koto Blue Sharks
"https://en.wikipedia.org/wiki/Church_of_St_Michael_and_All_Angels,_Penselwood","Church of St Michael and All Angels, Penselwood"
https://en.wikipedia.org/wiki/Zoonga,
https://en.wikipedia.org/wiki/Black_In_Neuro,Black In Neuro
https://en.wikipedia.org/wiki/Taiwan_Baptist_Theological_Seminary,Taiwan Baptist Theological Seminary
"https://en.wikipedia.org/wiki/Mill_Creek_(Morgan_County,_Missouri)","Mill Creek (Morgan County, Missouri)"
https://en.wikipedia.org/wiki/Qingyun_Ma,Qingyun Ma
https://en.wikipedia.org/wiki/Francesco_Monaco_(died_1626),Francesco Monaco (died 1626)
https://en.wikipedia.org/wiki/Rhode_Island_Rams_men%27s_basketball_statistical_leaders,Rhode Island Rams men's basketball statistical leaders
https://en.wikipedia.org/wiki/Kew_Siang_Tong,Kew Siang Tong
https://en.wikipedia.org/wiki/Laketran,Laketran
"https://en.wikipedia.org/wiki/Swiss_Federal_Institute_for_Forest,_Snow_and_Landscape_Research","Swiss Federal Institute for Forest, Snow and Landscape Research"
https://en.wikipedia.org/wiki/Jonathan_Jones_(runner),Jonathan Jones (runner)
https://en.wikipedia.org/wiki/The_Tale_of_Peter_Rabbit,
https://en.wikipedia.org/wiki/List_of_annual_foot_races_in_California,List of annual foot races in California
https://en.wikipedia.org/wiki/James_H._Francis_House,James H. Francis House
https://en.wikipedia.org/wiki/Bradina_desumptalis,
https://en.wikipedia.org/wiki/Sabrina_Windm%C3%BCller,Sabrina Windmüller
https://en.wikipedia.org/wiki/The_Afghan_Women,
https://en.wikipedia.org/wiki/Mutu_Kapa,Mutu Kapa
https://en.wikipedia.org/wiki/Otzing,Otzing
https://en.wikipedia.org/wiki/The_Stranger_(Salinger_short_story),The Stranger (Salinger short story)
"https://en.wikipedia.org/wiki/Buena_Vista,_Cayo","Buena Vista, Cayo"
https://en.wikipedia.org/wiki/Sanremo_Music_Festival_1961,Sanremo Music Festival 1961
https://en.wikipedia.org/wiki/Te_Aute_railway_station,Te Aute railway station
https://en.wikipedia.org/wiki/Shimon_Peres_Negev_Nuclear_Research_Center,Shimon Peres Negev Nuclear Research Center
https://en.wikipedia.org/wiki/Garamani,Garamani
https://en.wikipedia.org/wiki/Dimitrov_Battalion,Dimitrov Battalion
https://en.wikipedia.org/wiki/2005_FIA_GT_Istanbul_2_Hours,2005 FIA GT Istanbul 2 Hours
https://en.wikipedia.org/wiki/Kodeeswari,
https://en.wikipedia.org/wiki/1989_SANFL_Grand_Final,1989 SANFL Grand Final
https://en.wikipedia.org/wiki/Antonio_Perera,Antonio Perera
"https://en.wikipedia.org/wiki/Sullivan,_Virginia","Sullivan, Virginia"
https://en.wikipedia.org/wiki/NRP_T%C3%A2mega,
https://en.wikipedia.org/wiki/Laura_Hernandez,Laura Hernandez
https://en.wikipedia.org/wiki/Filipe_Bole,Filipe Bole
https://en.wikipedia.org/wiki/Kulappurakkal_Karunakaran_Nair,Kulappurakkal Karunakaran Nair
https://en.wikipedia.org/wiki/Moolchandra_Singh,Moolchandra Singh
https://en.wikipedia.org/wiki/Robert_Demming,Robert Demming
https://en.wikipedia.org/wiki/Baoruco_Province,Baoruco Province
https://en.wikipedia.org/wiki/Sardoba,Sardoba
https://en.wikipedia.org/wiki/Glyphostoma_pilsbryi,
https://en.wikipedia.org/wiki/Horvath%27s_rock_lizard,Horvath's rock lizard
https://en.wikipedia.org/wiki/Fantasian,
https://en.wikipedia.org/wiki/Pappadiana,Pappadiana
https://en.wikipedia.org/wiki/Mark_Sztyndera,Mark Sztyndera
https://en.wikipedia.org/wiki/Oxford_Research_Group,Oxford Research Group
https://en.wikipedia.org/wiki/1999_Wuppertal_Schwebebahn_accident,1999 Wuppertal Schwebebahn accident
https://en.wikipedia.org/wiki/Tongyang_Cup,Tongyang Cup
https://en.wikipedia.org/wiki/1992_NCAA_Division_I_softball_season,1992 NCAA Division I softball season
https://en.wikipedia.org/wiki/Gertrude_(Hamlet),
https://en.wikipedia.org/wiki/Robert_Ehrlich_(businessman),Robert Ehrlich (businessman)
https://en.wikipedia.org/wiki/Ch%C3%A2teau_de_Hegenheim,Château de Hegenheim
https://en.wikipedia.org/wiki/Monica_Edmondson,Monica Edmondson
https://en.wikipedia.org/wiki/Murray_Garsson,Murray Garsson
https://en.wikipedia.org/wiki/International_Journal_of_Eating_Disorders,
https://en.wikipedia.org/wiki/World_University_Softball_Championship,World University Softball Championship
https://en.wikipedia.org/wiki/Esteban_Ar%C3%A1nguiz,Esteban Aránguiz
"https://en.wikipedia.org/wiki/Milo%C5%A1_Nikoli%C4%87_(footballer,_born_1989)","Miloš Nikolić (footballer, born 1989)"
https://en.wikipedia.org/wiki/1890_Lafayette_football_team,1890 Lafayette football team
https://en.wikipedia.org/wiki/Maysville_Road_veto,Maysville Road veto
https://en.wikipedia.org/wiki/Chincholi_Assembly_constituency,Chincholi Assembly constituency
https://en.wikipedia.org/wiki/HMAS_Lusair,
https://en.wikipedia.org/wiki/Black_Lightning_season_1,
https://en.wikipedia.org/wiki/Stuart_Grimes,Stuart Grimes
https://en.wikipedia.org/wiki/Heibri,Heibri
https://en.wikipedia.org/wiki/The_Faithful_Hussar,The Faithful Hussar
https://en.wikipedia.org/wiki/Albu_Hamid,Albu Hamid
https://en.wikipedia.org/wiki/J._%26_E._Riggin_(schooner),
https://en.wikipedia.org/wiki/Jillian_Nguyen,Jillian Nguyen
https://en.wikipedia.org/wiki/Management_of_Parkinson%27s_disease,Management of Parkinson's disease
https://en.wikipedia.org/wiki/2002_United_States_Senate_election_in_South_Dakota,2002 United States Senate election in South Dakota
https://en.wikipedia.org/wiki/Josiah_Woodward,Josiah Woodward
https://en.wikipedia.org/wiki/Bert_McTaggart,Bert McTaggart
https://en.wikipedia.org/wiki/1991_FIBA_Under-19_World_Championship,1991 FIBA Under-19 World Championship
"https://en.wikipedia.org/wiki/Stroudsburg,_Pennsylvania","Stroudsburg, Pennsylvania"
https://en.wikipedia.org/wiki/3:33,
https://en.wikipedia.org/wiki/Grounded:_The_Case_for_Abolishing_the_United_States_Air_Force,Grounded: The Case for Abolishing the United States Air Force
https://en.wikipedia.org/wiki/Borys_Baranets,Borys Baranets
https://en.wikipedia.org/wiki/1906_Ecuador%E2%80%93Colombia_earthquake,1906 Ecuador–Colombia earthquake
https://en.wikipedia.org/wiki/Umar_Ata_Bandial,Umar Ata Bandial
https://en.wikipedia.org/wiki/Erayd%C4%B1n,Eraydın
https://en.wikipedia.org/wiki/Mikhail_Chigorin,Mikhail Chigorin
https://en.wikipedia.org/wiki/Rhode_Island_Lady_Stingrays,Rhode Island Lady Stingrays
https://en.wikipedia.org/wiki/Pistol_Star,Pistol Star
https://en.wikipedia.org/wiki/Tim_Penny,Tim Penny
https://en.wikipedia.org/wiki/Fauna_(Oh_Land_album),
https://en.wikipedia.org/wiki/Cada_C._Boak_House,Cada C. Boak House
https://en.wikipedia.org/wiki/Aoshang_(Jingzhou_County),Aoshang (Jingzhou County)
https://en.wikipedia.org/wiki/Leader_by_Destiny,
https://en.wikipedia.org/wiki/Shrikant_Kalyani,Shrikant Kalyani
https://en.wikipedia.org/wiki/Lime_Island_Formation,Lime Island Formation
https://en.wikipedia.org/wiki/Scaphinotus_ventricosus,
https://en.wikipedia.org/wiki/Kim_Schuster,Kim Schuster
https://en.wikipedia.org/wiki/List_of_LGBT_organisations_in_Singapore,List of LGBT organisations in Singapore
https://en.wikipedia.org/wiki/Juan_L%C3%B3pez_de_Z%C3%A1rate,Juan López de Zárate
https://en.wikipedia.org/wiki/Zdravko_Stankovi%C4%87,Zdravko Stanković
https://en.wikipedia.org/wiki/Sheffield_Business_Awards,Sheffield Business Awards
https://en.wikipedia.org/wiki/Neil_Shastri-Hurst,Neil Shastri-Hurst
https://en.wikipedia.org/wiki/John_B._McClelland,John B. McClelland
https://en.wikipedia.org/wiki/Martin_Kuku%C4%8D%C3%ADn_(sculpture),
https://en.wikipedia.org/wiki/Gustavo_Bonatto,Gustavo Bonatto
"https://en.wikipedia.org/wiki/Manda,_Jammu","Manda, Jammu"
https://en.wikipedia.org/wiki/Run_on_Love,Run on Love
https://en.wikipedia.org/wiki/Lithuanian_Cycling_Federation,Lithuanian Cycling Federation
https://en.wikipedia.org/wiki/Andras_Kalman,Andras Kalman
https://en.wikipedia.org/wiki/Krzywina,Krzywina
https://en.wikipedia.org/wiki/AuronPlay,AuronPlay
https://en.wikipedia.org/wiki/Clattern_Bridge,Clattern Bridge
https://en.wikipedia.org/wiki/2016_All_Nigerian_Editors_Conference,2016 All Nigerian Editors Conference
https://en.wikipedia.org/wiki/Avec_Sans,Avec Sans
https://en.wikipedia.org/wiki/Live_from_Etown:_2006_Christmas_Special,
https://en.wikipedia.org/wiki/Labrador_Peninsula,Labrador Peninsula
https://en.wikipedia.org/wiki/Liu_Yinghui,Liu Yinghui
https://en.wikipedia.org/wiki/Panache_River,Panache River
https://en.wikipedia.org/wiki/Ronald_Musengi,Ronald Musengi
https://en.wikipedia.org/wiki/Lose_Control_(TV_programming_block),Lose Control (TV programming block)
https://en.wikipedia.org/wiki/Need_for_Speed_(2015_video_game),
https://en.wikipedia.org/wiki/Catamacta_gavisana,
https://en.wikipedia.org/wiki/1999_Tajik_presidential_election,1999 Tajik presidential election
https://en.wikipedia.org/wiki/Andrew_Samson,Andrew Samson
https://en.wikipedia.org/wiki/Khodeza_Nasreen_Akhter_Hossain,Khodeza Nasreen Akhter Hossain
https://en.wikipedia.org/wiki/Cornel_C%C4%83lug%C4%83reanu,Cornel Călugăreanu
https://en.wikipedia.org/wiki/1981_Senior_PGA_Tour,1981 Senior PGA Tour
https://en.wikipedia.org/wiki/Pelwadiya,Pelwadiya
https://en.wikipedia.org/wiki/Abdullah_Awaji,Abdullah Awaji
https://en.wikipedia.org/wiki/Crematogaster_amita,
"https://en.wikipedia.org/wiki/St_Mary%27s_Church,_Osterley","St Mary's Church, Osterley"
https://en.wikipedia.org/wiki/1960%E2%80%9361_OB_I_bajnoksag_season,1960–61 OB I bajnoksag season
https://en.wikipedia.org/wiki/Jo%C3%ABlle_van_Noppen,Joëlle van Noppen
https://en.wikipedia.org/wiki/Mabel_Greenberg,Mabel Greenberg
https://en.wikipedia.org/wiki/2011%E2%80%9312_Bosnia_and_Herzegovina_Hockey_League_season,2011–12 Bosnia and Herzegovina Hockey League season
https://en.wikipedia.org/wiki/Bruce_Sharp,Bruce Sharp
https://en.wikipedia.org/wiki/Harkaleh,Harkaleh
https://en.wikipedia.org/wiki/George_Pilcher_(MP),George Pilcher (MP)
https://en.wikipedia.org/wiki/The_Dirty_Energy_Dilemma,
https://en.wikipedia.org/wiki/Atthippuliyur_Chidambaresvarar_Temple,Atthippuliyur Chidambaresvarar Temple
https://en.wikipedia.org/wiki/Meiraba_Luwang_Maisnam,Meiraba Luwang Maisnam
https://en.wikipedia.org/wiki/2024_Uttarakhand_snowstorm_disaster,2024 Uttarakhand snowstorm disaster
https://en.wikipedia.org/wiki/Eccrine_carcinoma,Eccrine carcinoma
https://en.wikipedia.org/wiki/Ceilhes-et-Rocozels,Ceilhes-et-Rocozels
https://en.wikipedia.org/wiki/Everman_Independent_School_District,Everman Independent School District
https://en.wikipedia.org/wiki/Mahmood_Khan_Durrani,Mahmood Khan Durrani
https://en.wikipedia.org/wiki/Kanimozhi_(film),
https://en.wikipedia.org/wiki/English_Market,English Market
https://en.wikipedia.org/wiki/Wirra_Wirra_railway_station,Wirra Wirra railway station
https://en.wikipedia.org/wiki/St_Joseph%27s_Orphanage,St Joseph's Orphanage
https://en.wikipedia.org/wiki/EToll,
https://en.wikipedia.org/wiki/Cantons_of_the_Seine-Saint-Denis_department,Cantons of the Seine-Saint-Denis department
https://en.wikipedia.org/wiki/Kelantan_F.C._Reserves_and_Academy,Kelantan F.C. Reserves and Academy
https://en.wikipedia.org/wiki/Cydia_albipicta,
https://en.wikipedia.org/wiki/Salmon_Odd_Fellows_Hall,Salmon Odd Fellows Hall
"https://en.wikipedia.org/wiki/Gareth_Williams_(rugby_union,_born_1978)","Gareth Williams (rugby union, born 1978)"
https://en.wikipedia.org/wiki/Leroy_Dujon,Leroy Dujon
https://en.wikipedia.org/wiki/Centre_for_Research_in_Photonics_at_the_University_of_Ottawa,Centre for Research in Photonics at the University of Ottawa
"https://en.wikipedia.org/wiki/Sir_Robert_Hamilton,_6th_Baronet","Sir Robert Hamilton, 6th Baronet"
https://en.wikipedia.org/wiki/Arlije,Arlije
https://en.wikipedia.org/wiki/Peter_Rossborough,Peter Rossborough
https://en.wikipedia.org/wiki/Pentacalia_ruficaulis,
https://en.wikipedia.org/wiki/Startix,Startix
https://en.wikipedia.org/wiki/Killer_Crocodile,
https://en.wikipedia.org/wiki/Sungri_Line,Sungri Line
https://en.wikipedia.org/wiki/Horticulture_Netting_or_Vegetable_Support_Net,Horticulture Netting or Vegetable Support Net
https://en.wikipedia.org/wiki/Lycomorphodes_circinata,
https://en.wikipedia.org/wiki/Wiener_equation,Wiener equation
https://en.wikipedia.org/wiki/Maria_L._Gini,Maria L. Gini
https://en.wikipedia.org/wiki/Shakh_Quli_Khel,Shakh Quli Khel
https://en.wikipedia.org/wiki/Anna_Akhmatova._The_Silver_Age,Anna Akhmatova. The Silver Age
"https://en.wikipedia.org/wiki/Sir_Howard_Elphinstone,_1st_Baronet","Sir Howard Elphinstone, 1st Baronet"
https://en.wikipedia.org/wiki/Cashmere_Mafia,
https://en.wikipedia.org/wiki/The_Mysterious_Rider_(1948_film),
https://en.wikipedia.org/wiki/Anukul,
https://en.wikipedia.org/wiki/Kareem_Serageldin,Kareem Serageldin
https://en.wikipedia.org/wiki/The_Way_Through_the_Woods_(McCormack_novel),
https://en.wikipedia.org/wiki/Young_Pioneers_(Norway),Young Pioneers (Norway)
https://en.wikipedia.org/wiki/On_the_Hills_of_Manchuria,On the Hills of Manchuria
https://en.wikipedia.org/wiki/Pat_Roach,Pat Roach
https://en.wikipedia.org/wiki/1979_U.S._Pro_Tennis_Championships,1979 U.S. Pro Tennis Championships
https://en.wikipedia.org/wiki/Threshold_Records,Threshold Records
https://en.wikipedia.org/wiki/Roberts_Broadcasting,Roberts Broadcasting
https://en.wikipedia.org/wiki/KLE_Institute_of_Technology,KLE Institute of Technology
https://en.wikipedia.org/wiki/National_Forests_Office_(France),National Forests Office (France)
"https://en.wikipedia.org/wiki/Hopkins,_Belize","Hopkins, Belize"
https://en.wikipedia.org/wiki/Milivoj_Solar,Milivoj Solar
https://en.wikipedia.org/wiki/Cedar_Creek_(Shoal_Creek_tributary),Cedar Creek (Shoal Creek tributary)
https://en.wikipedia.org/wiki/Manish_Prakash,Manish Prakash
https://en.wikipedia.org/wiki/Under_the_Moonlight_(film),
https://en.wikipedia.org/wiki/The_Ubyssey,
https://en.wikipedia.org/wiki/Harnick,Harnick
https://en.wikipedia.org/wiki/Konstantin_Kovalenko,Konstantin Kovalenko
https://en.wikipedia.org/wiki/Fred_Gould_(cricketer),Fred Gould (cricketer)
https://en.wikipedia.org/wiki/Suck_My_Shirt,
